Datetime,Water Level (m)
2025-05-02 06:00:00,-0.35508618
2025-05-02 07:00:00,-0.5132064
2025-05-02 08:00:00,-0.47245276
2025-05-02 09:00:00,-0.16164213
2025-05-02 10:00:00,0.079423845
2025-05-02 11:00:00,0.3418499
2025-05-02 12:00:00,0.56329393
2025-05-02 13:00:00,0.7533667
2025-05-02 14:00:00,0.77657646
2025-05-02 15:00:00,0.6262229
2025-05-02 16:00:00,0.4669951
2025-05-02 17:00:00,0.27786228
2025-05-02 18:00:00,0.07589386
2025-05-02 19:00:00,-0.12697135
2025-05-02 20:00:00,-0.29650787
2025-05-02 21:00:00,-0.33590704
2025-05-02 22:00:00,-0.115884356
2025-05-02 23:00:00,0.029702378
2025-05-03 00:00:00,0.19846012
2025-05-03 01:00:00,0.30385152
2025-05-03 02:00:00,0.3337851
2025-05-03 03:00:00,0.2445193
2025-05-03 04:00:00,0.13338819
2025-05-03 05:00:00,0.0077144695
2025-05-03 06:00:00,-0.13682607
2025-05-03 07:00:00,-0.2789949
2025-05-03 08:00:00,-0.3877323
2025-05-03 09:00:00,-0.28284177
2025-05-03 10:00:00,-0.037038356
2025-05-03 11:00:00,0.13675432
2025-05-03 12:00:00,0.3666201
2025-05-03 13:00:00,0.5550845
2025-05-03 14:00:00,0.71137774
2025-05-03 15:00:00,0.6890348
2025-05-03 16:00:00,0.5492686
2025-05-03 17:00:00,0.40301156
2025-05-03 18:00:00,0.23529884
2025-05-03 19:00:00,0.061087508
2025-05-03 20:00:00,-0.11575287
2025-05-03 21:00:00,-0.2538988
2025-05-03 22:00:00,-0.3014929
2025-05-03 23:00:00,-0.17081346
2025-05-04 00:00:00,-0.058937006
2025-05-04 01:00:00,0.07304784
2025-05-04 02:00:00,0.19955592
2025-05-04 03:00:00,0.27312618
2025-05-04 04:00:00,0.2305348
2025-05-04 05:00:00,0.13648972
2025-05-04 06:00:00,0.037496272
2025-05-04 07:00:00,-0.080426216
2025-05-04 08:00:00,-0.19791654
2025-05-04 09:00:00,-0.2638228
2025-05-04 10:00:00,-0.13239631
2025-05-04 11:00:00,0.035221476
2025-05-04 12:00:00,0.17125121
2025-05-04 13:00:00,0.32809743
2025-05-04 14:00:00,0.46261817
2025-05-04 15:00:00,0.6048946
2025-05-04 16:00:00,0.642463
2025-05-04 17:00:00,0.5515795
2025-05-04 18:00:00,0.42316982
2025-05-04 19:00:00,0.26995817
2025-05-04 20:00:00,0.10990718
2025-05-04 21:00:00,-0.058483496
2025-05-04 22:00:00,-0.20928158
2025-05-04 23:00:00,-0.2902952
2025-05-05 00:00:00,-0.20135996
2025-05-05 01:00:00,-0.0877505
2025-05-05 02:00:00,0.010694386
2025-05-05 03:00:00,0.1203621
2025-05-05 04:00:00,0.21611367
2025-05-05 05:00:00,0.2280003
2025-05-05 06:00:00,0.16354303
2025-05-05 07:00:00,0.09441605
2025-05-05 08:00:00,0.004867005
2025-05-05 09:00:00,-0.09346894
2025-05-05 10:00:00,-0.16236101
2025-05-05 11:00:00,-0.12481364
2025-05-05 12:00:00,0.028562695
2025-05-05 13:00:00,0.12926005
2025-05-05 14:00:00,0.23785788
2025-05-05 15:00:00,0.34499046
2025-05-05 16:00:00,0.4639149
2025-05-05 17:00:00,0.53870016
2025-05-05 18:00:00,0.46459833
2025-05-05 19:00:00,0.35134855
2025-05-05 20:00:00,0.22414668
2025-05-05 21:00:00,0.07885983
2025-05-05 22:00:00,-0.06769324
2025-05-05 23:00:00,-0.20716134
2025-05-06 00:00:00,-0.29137278
2025-05-06 01:00:00,-0.26608163
2025-05-06 02:00:00,-0.13862064
2025-05-06 03:00:00,-0.02431779
2025-05-06 04:00:00,0.11952345
2025-05-06 05:00:00,0.25324917
2025-05-06 06:00:00,0.34817797
2025-05-06 07:00:00,0.31915006
2025-05-06 08:00:00,0.22286528
2025-05-06 09:00:00,0.12064978
2025-05-06 10:00:00,0.009187763
2025-05-06 11:00:00,-0.08347317
2025-05-06 12:00:00,-0.13102564
2025-05-06 13:00:00,-0.014095228
2025-05-06 14:00:00,0.112589344
2025-05-06 15:00:00,0.20597169
2025-05-06 16:00:00,0.3216218
2025-05-06 17:00:00,0.44148234
2025-05-06 18:00:00,0.5503502
2025-05-06 19:00:00,0.5230712
2025-05-06 20:00:00,0.40589386
2025-05-06 21:00:00,0.2719028
2025-05-06 22:00:00,0.117187455
2025-05-06 23:00:00,-0.035997342
2025-05-07 00:00:00,-0.18516642
2025-05-07 01:00:00,-0.28668472
2025-05-07 02:00:00,-0.2224736
2025-05-07 03:00:00,-0.054154295
2025-05-07 04:00:00,0.07059689
2025-05-07 05:00:00,0.22884576
2025-05-07 06:00:00,0.38298842
2025-05-07 07:00:00,0.4945131
2025-05-07 08:00:00,0.4643966
2025-05-07 09:00:00,0.35921344
2025-05-07 10:00:00,0.25230873
2025-05-07 11:00:00,0.12327572
2025-05-07 12:00:00,-0.00060472055
2025-05-07 13:00:00,-0.09526027
2025-05-07 14:00:00,-0.03698389
2025-05-07 15:00:00,0.12658149
2025-05-07 16:00:00,0.23210184
2025-05-07 17:00:00,0.36650252
2025-05-07 18:00:00,0.5018712
2025-05-07 19:00:00,0.6188531
2025-05-07 20:00:00,0.5817657
2025-05-07 21:00:00,0.45335293
2025-05-07 22:00:00,0.31393734
2025-05-07 23:00:00,0.1514329
2025-05-08 00:00:00,-0.015067742
2025-05-08 01:00:00,-0.17095919
2025-05-08 02:00:00,-0.2571657
2025-05-08 03:00:00,-0.08693739
2025-05-08 04:00:00,0.07051395
2025-05-08 05:00:00,0.22096635
2025-05-08 06:00:00,0.39771178
